Abomasnow,I,GR,NO,384,283,249,283,269,219
Abomasnow-Mega,GR,I,NO,384,363,309,363,309,159
Abra,PS,NO,NO,254,139,129,309,209,279
Absol,DK,NO,NO,334,359,219,249,219,249
Absol-Mega,DK,NO,NO,334,399,219,329,219,329
Accelgor,B,NO,NO,364,239,179,299,219,389
Aegislash-Blade,S,GH,NO,324,379,199,379,199,219
Aegislash-Shield,S,GH,NO,324,199,379,199,379,219
Aerodactyl,R,FL,NO,364,309,229,219,249,359
Aerodactyl-Mega,R,FL,NO,364,369,269,239,289,399
Aggron,S,R,NO,344,319,459,219,219,199
Aggron-Mega,S,NO,NO,344,379,559,219,259,199
Aipom,NM,NO,NO,314,239,209,179,209,269
Alakazam,PS,NO,NO,314,199,189,369,289,339
Alakazam-Mega,PS,NO,NO,314,199,229,449,309,399
Alcremie,FA,NO,NO,334,219,249,319,341,227
Alomomola,W,NO,NO,534,249,259,179,189,229
Altaria,DR,FL,NO,354,239,279,239,309,259
Altaria-Mega,DR,FA,NO,354,319,319,319,309,259
Amaura,I,R,NO,358,217,199,233,225,191
Ambipom,NM,NO,NO,354,299,231,219,231,329
Amoonguss,GR,PO,NO,432,269,239,269,259,159
Ampharos,E,NO,NO,384,249,269,329,279,209
Ampharos-Mega,E,DR,NO,384,289,309,429,319,189
Anorith,R,B,NO,294,289,199,179,199,249
Appletun,GR,DR,NO,424,269,259,299,259,159
Applin,GR,DR,NO,284,179,259,179,179,139
Araquanid,W,B,NO,340,239,283,199,363,183
Arbok,PO,NO,NO,324,289,237,229,257,259
Arcanine,FR,NO,NO,384,319,259,299,259,289
Arceus,NM,NO,NO,444,339,339,339,339,339
Archen,R,FL,NO,314,323,189,247,189,239
Archeops,R,FL,NO,354,379,229,323,229,319
Arctovish,W,I,NO,384,279,299,259,279,209
Arctozolt,E,I,NO,384,299,279,279,259,209
Ariados,B,PO,NO,344,279,239,219,239,179
Armaldo,R,B,NO,354,349,299,239,259,189
Aromatisse,FA,NO,NO,406,243,243,297,277,157
Aron,S,R,NO,304,239,299,179,179,159
Arrokuda,W,NO,NO,286,225,179,179,159,231
Articuno,I,FL,NO,384,269,299,289,349,269
Articuno-Galarian,PS,FL,NO,384,269,269,349,299,289
Audino,NM,NO,NO,410,219,271,219,271,199
Audino-Mega,NM,FA,NO,410,219,351,259,351,199
Aurorus,I,R,NO,450,253,243,297,283,215
Avalugg,I,NO,NO,394,333,467,187,191,155
Axew,DR,NO,NO,296,273,219,159,179,213
Azelf,PS,NO,NO,354,349,239,349,239,329
Azumarill,W,FA,NO,404,199,259,219,259,199
Azurill,NM,FA,NO,304,139,179,159,179,139
Bagon,DR,NO,NO,294,249,219,179,159,199
Baltoy,GD,PS,NO,284,179,209,179,239,209
Banette,GH,NO,NO,332,329,229,265,225,229
Banette-Mega,GH,NO,NO,332,429,249,285,265,249
Barbaracle,R,W,NO,348,309,329,207,271,235
Barboach,W,GD,NO,304,195,185,191,181,219
Barraskewda,W,NO,NO,326,345,219,219,199,371
Basculin,W,NO,NO,344,283,229,259,209,295
Bastiodon,R,S,NO,324,203,435,193,375,159
Bayleef,GR,NO,NO,324,223,259,225,259,219
Beartic,I,NO,NO,394,359,259,239,259,199
Beautifly,B,FL,NO,324,239,199,299,199,229
Beedrill,B,PO,NO,334,279,179,189,259,249
Beedrill-Mega,B,PO,NO,334,399,179,129,259,389
Beheeyem,PS,NO,354,NO,249,249,349,289,179
Beldum,S,PS,NO,NO,284,209,259,169,219,159
Bellossom,GR,NO,NO,354,259,289,279,299,199
Bellsprout,GR,PO,NO,304,249,169,239,159,179
Bergmite,I,NO,NO,314,237,269,163,169,155
Bewear,NM,FI,NO,444,349,259,209,219,219
Bibarel,NM,W,NO,362,269,219,209,219,241
Bidoof,NM,NO,NO,322,189,179,169,179,161
Binacle,R,W,NO,288,203,233,177,211,199
Bisharp,DK,S,NO,334,349,299,219,239,239
Blacephalon,FR,GH,NO,310,353,205,401,257,313
Blastoise,W,NO,NO,362,265,299,269,309,255
Blastoise-Mega,W,NO,NO,362,305,339,369,329,255
Blaziken,FR,FI,NO,364,339,239,319,239,259
Blaziken-Mega,FR,FI,NO,364,419,259,359,259,299
Blipbug,B,NO,NO,254,139,139,149,189,189
Blissey,NM,NO,NO,714,119,119,249,369,209
Blitzle,E,NO,NO,294,219,163,199,163,251
Boldore,R,NO,NO,344,309,309,199,179,139
Boltund,E,NO,NO,342,279,219,279,219,341
Bonsly,R,NO,NO,304,259,289,119,189,119
Bouffalant,NM,NO,NO,394,319,289,179,289,209
Bounsweet,GR,NO,NO,288,159,175,159,175,163
Braixen,FR,NO,NO,322,217,215,279,239,245
Braviary,NM,FL,NO,404,345,249,213,249,259
Breloom,GR,FI,NO,324,359,259,219,219,239
Brionne,W,NO,NO,324,237,237,281,261,199
Bronzong,S,PS,NO,338,277,331,257,331,165
Bronzor,S,PS,NO,318,147,271,147,271,145
Bruxish,W,PS,NO,340,309,239,239,239,283
Budew,GR,PO,NO,284,159,169,199,239,209
Buizel,W,NO,NO,314,229,169,219,159,269
Bulbasaur,GR,PO,NO,294,197,197,229,229,189
Buneary,NM,NO,NO,314,231,187,187,211,269
Bunnelby,NM,NO,NO,280,171,175,163,171,213
Burmy,B,NO,NO,284,157,189,157,189,171
Butterfree,B,FL,NO,324,189,199,279,259,239
Buzzwole,B,FI,NO,418,377,377,205,205,257
Cacnea,GR,NO,NO,304,269,179,269,179,169
Cacturne,GR,DK,NO,344,329,219,329,219,209
Calyrex,PS,GR,NO,404,259,259,259,259,259
Calyrex-Ice-Rider,PS,I,NO,404,429,399,269,359,199
Calyrex-Shadow-Rider,PS,GH,NO,404,269,259,429,299,399
Camerupt,FR,GD,NO,344,299,239,309,249,179
Camerupt-Mega,FR,GD,NO,344,339,299,389,309,139
Carbink,R,FA,NO,304,199,399,199,399,199
Carkol,R,FR,NO,364,219,279,219,239,199
Carnivine,GR,NO,NO,352,299,243,279,243,191
Carracosta,W,R,NO,352,315,365,265,229,163
Carvanha,W,DK,NO,294,279,139,229,139,229
Cascoon,B,NO,NO,304,169,209,149,149,129
Castform,NM,NO,NO,344,239,239,239,239,239
Caterpie,B,NO,NO,294,159,169,139,139,189
Celebi,PS,GR,NO,404,299,299,299,299,299
Celesteela,S,FL,NO,398,301,305,313,301,221
Centiskorch,FR,B,NO,404,329,229,279,279,229
Chandelure,GH,FR,NO,324,209,279,389,279,259
Chansey,NM,NO,NO,704,109,109,169,309,199
Charizard,FR,FL,NO,360,267,255,317,269,299
Charizard-X,FR,DR,NO,360,359,321,359,269,299
Charizard-Y,FR,FL,NO,360,307,255,417,329,299
Charjabug,B,E,NO,318,263,289,209,249,171
Charmander,FR,NO,NO,282,203,185,219,199,229
Charmeleon,FR,NO,NO,320,227,215,259,229,259
Chatot,NM,FL,NO,356,229,189,283,183,281
Cherrim,GR,NO,NO,344,219,239,273,255,269
Cherubi,GR,NO,NO,294,169,189,223,205,169
Chesnaught,GR,FI,NO,380,313,343,247,249,227
Chespin,GR,NO,NO,316,221,229,195,189,175
Chewtle,W,NO,NO,304,227,199,175,175,187
Chikorita,GR,NO,NO,294,197,229,197,229,189
Chimchar,FR,NO,NO,292,215,187,215,187,221
Chimecho,PS,NO,NO,354,199,259,289,279,229
Chinchou,W,E,NO,354,175,175,211,211,233
Chingling,PS,NO,NO,294,159,199,229,199,189
Cinccino,NM,NO,NO,354,289,219,229,219,329
Cinderace,FR,NO,NO,364,331,249,229,249,337
Clamperl,W,NO,NO,274,227,269,247,209,163
Clauncher,W,NO,NO,304,205,223,215,225,187
Clawitzer,W,NO,NO,346,245,275,339,277,217
Claydol,GD,PS,NO,324,239,309,239,339,249
Clefable,FA,NO,NO,394,239,245,289,279,219
Clefairy,FA,NO,NO,344,189,195,219,229,169
Cleffa,FA,NO,NO,304,149,155,189,209,129
Clobbopus,FI,NO,NO,304,235,219,199,199,163
Cloyster,W,I,NO,304,289,459,269,189,239
Coalossal,R,FR,NO,424,259,339,259,279,159
Cobalion,S,FI,NO,386,279,357,279,243,315
Cofagrigus,GH,NO,NO,320,199,389,289,309,159
Combee,B,FL,NO,264,159,183,159,183,239
Combusken,FR,FI,NO,324,269,219,269,219,209
Comfey,FA,NO,NO,306,203,279,263,319,299
Conkeldurr,FI,NO,NO,414,379,289,209,229,189
Copperajah,S,NO,NO,448,359,237,259,237,159
Corphish,W,NO,NO,290,259,229,199,169,169
Corsola,W,R,NO,334,209,289,229,289,169
Corsola-Galarian,GH,NO,NO,324,209,299,229,299,159
Corviknight,FL,S,NO,400,273,309,205,269,233
Corvisquire,FL,NO,NO,340,233,209,185,209,253
Cosmoem,PS,NO,NO,290,157,361,157,361,173
Cosmog,PS,NO,NO,290,157,161,157,161,173
Cottonee,GR,FA,NO,284,153,219,173,199,231
Crabominable,FI,NO,I,398,363,253,223,233,185
Crabrawler,FI,NO,NO,298,263,213,183,193,225
Cradily,R,GR,NO,376,261,293,261,313,185
Cramorant,FL,W,NO,392,269,209,269,289,269
Cranidos,R,NO,NO,338,349,179,159,159,215
Crawdaunt,W,DK,NO,330,339,269,279,209,209
Cresselia,PS,NO,NO,444,239,339,249,359,269
Croagunk,PO,FI,NO,300,221,179,221,179,199
Crobat,PO,FL,NO,374,279,259,239,259,359
Croconaw,W,NO,NO,334,259,259,217,225,215
Crustle,B,R,NO,344,309,349,229,249,189
Cryogonal,I,NO,NO,364,199,199,289,369,309
Cubchoo,I,NO,NO,314,239,179,219,179,179
Cubone,GD,NO,NO,304,199,289,179,199,169
Cufant,S,NO,NO,348,259,197,179,197,179
Cursola,GH,NO,NO,372,289,199,389,359,159
Cutiefly,B,FA,NO,284,189,179,209,179,267
Cyndaquil,FR,NO,NO,282,203,185,219,199,229
Darkrai,DK,NO,NO,344,279,279,369,279,349
Darmanitan,FR,NO,NO,414,379,209,159,209,289
Darmanitan-Galarian,I,NO,NO,414,379,209,159,209,289
Darmanitan-Zen,FR,PS,NO,414,159,309,379,309,209
Darmanitan-Zen-Galarian,I,FR,NO,414,419,209,159,209,369
Dartrix,GR,FL,NO,360,249,249,239,239,203
Darumaka,FR,NO,NO,344,279,189,129,189,199
Darumaka-Galarian,I,NO,NO,344,279,189,129,189,199
Decidueye,GR,GH,NO,360,313,249,299,299,239
Dedenne,E,FA,NO,338,215,213,261,233,301
Deerling,NM,GR,NO,324,219,199,179,199,249
Deino,DK,DR,NO,308,229,199,189,199,175
Delcatty,NM,NO,NO,344,229,229,209,209,279
Delibird,I,FL,NO,294,209,189,229,189,249
Delphox,FR,PS,NO,354,237,243,327,299,307
Deoxys,PS,NO,NO,304,399,199,399,199,399
Deoxys-Attack,PS,NO,NO,304,459,139,459,139,399
Deoxys-Defense,PS,NO,NO,304,239,419,239,419,279
Deoxys-Speed,PS,NO,NO,304,289,279,289,279,459
Dewgong,W,I,NO,384,239,259,239,289,239
Dewott,W,NO,NO,354,249,219,265,219,219
Dewpider,W,B,NO,282,179,203,179,243,153
Dhelmise,GH,GR,NO,344,361,299,271,279,179
Dialga,S,DR,NO,404,339,339,399,299,279
Diancie,R,FA,NO,304,299,399,299,399,199
Diancie-Mega,R,FA,NO,304,419,319,419,319,319
Diggersby,NM,GD,NO,374,211,253,199,253,255
Diglett,GD,NO,NO,224,209,149,169,189,289
Diglett-Alolan,GD,S,NO,224,209,159,169,189,279
Ditto,NM,NO,NO,300,195,195,195,195,195
Dodrio,NM,FL,NO,324,319,239,219,219,319
Doduo,NM,FL,NO,274,269,189,169,169,249
Donphan,GD,NO,NO,384,339,339,219,219,199
Dottler,B,PS,NO,304,169,259,199,279,159
Doublade,S,GH,NO,322,319,399,189,197,169
Dracovish,W,DR,NO,384,279,299,239,259,249
Dracozolt,E,DR,NO,384,299,279,259,239,249
Dragalge,PO,DR,NO,334,249,279,293,345,187
Dragapult,DR,GH,NO,380,339,249,299,249,383
Dragonair,DR,NO,NO,326,267,229,239,239,239
Dragonite,DR,FL,NO,386,367,289,299,299,259
Drakloak,DR,GH,NO,340,259,199,219,199,303
Drampa,NM,DR,NO,360,219,269,369,281,171
Drapion,DK,PO,NO,344,279,319,219,249,289
Dratini,DR,NO,NO,286,227,189,199,199,199
Drednaw,W,R,NO,384,329,279,195,235,247
Dreepy,DR,GH,NO,260,219,159,179,159,263
Drifblim,GH,FL,NO,504,259,187,279,207,259
Drifloon,GH,FL,NO,384,199,167,219,187,239
Drilbur,GD,NO,NO,324,269,179,159,189,235
Drizzile,W,NO,NO,334,219,209,289,209,279
Drowzee,PS,NO,NO,324,195,189,185,279,183
Druddigon,DR,NO,NO,358,339,279,219,279,195
Dubwool,NM,NO,NO,348,259,299,219,279,275
Ducklett,W,FL,NO,328,187,199,187,199,209
Dugtrio,GD,NO,NO,274,299,199,199,239,339
Dugtrio-Alolan,GD,S,NO,274,299,219,199,239,319
Dunsparce,NM,NO,NO,404,239,239,229,229,189
Duosion,PS,NO,NO,334,179,199,349,219,159
Duraludon,S,DR,NO,344,289,329,339,199,269
Durant,B,S,NO,320,317,323,195,195,317
Dusclops,GH,NO,NO,284,239,359,219,359,149
Dusknoir,GH,NO,NO,294,299,369,229,369,189
Duskull,GH,NO,NO,244,179,279,159,279,149
Dustox,B,PO,NO,324,199,239,199,279,229
Dwebble,B,R,NO,304,229,269,169,169,209
Eelektrik,E,NO,NO,334,269,239,249,239,179
Eelektross,E,NO,NO,374,329,259,309,259,199
Eevee,NM,NO,NO,314,209,199,189,229,209
Eiscue-Ice,I,NO,NO,354,259,319,229,279,199
Eiscue-Noice,I,NO,NO,354,259,239,229,199,359
Ekans,PO,NO,NO,274,219,187,179,207,209
Eldegoss,GR,NO,NO,324,199,279,259,339,219
Electabuzz,E,NO,NO,334,265,213,289,269,309
Electivire,E,NO,NO,354,345,233,289,269,289
Electrike,E,NO,NO,284,189,179,229,179,229
Electrode,E,NO,NO,324,199,239,259,259,399
Elekid,E,NO,NO,294,225,173,229,209,289
Elgyem,PS,NO,NO,314,209,209,269,209,159
Emboar,FR,FI,NO,424,345,229,299,229,229
Emolga,E,FL,NO,314,249,219,249,219,305
Empoleon,W,S,NO,372,271,275,321,301,219
Entei,FR,NO,NO,434,329,269,279,249,299
Escavalier,B,S,NO,344,369,309,219,309,139
Espeon,PS,NO,NO,334,229,219,359,289,319
Espurr,PS,NO,NO,328,195,207,225,219,235
Eternatus,PO,DR,NO,484,269,289,389,289,359
Eternatus-Giga,PO,DR,NO,714,329,599,349,599,359
Excadrill,GD,S,NO,424,369,219,199,229,275
Exeggcute,GR,PS,NO,324,179,259,219,189,179
Exeggutor,GR,PS,NO,394,289,269,349,249,209
Exeggutor-Alolan,GR,DR,NO,394,309,269,349,249,189
Exploud,NM,NO,NO,412,281,225,281,245,235
Falinks,FI,NO,NO,334,299,299,239,219,249
Farfetchd,NM,FL,NO,308,279,209,215,223,219
Farfetch'd-Galarian,FI,NO,NO,308,289,209,215,223,209
Fearow,NM,FL,NO,334,279,229,221,221,299
Feebas,W,NO,NO,244,129,139,119,209,259
Fennekin,FR,NO,NO,284,189,179,223,219,219
Feraligatr,W,NO,NO,374,309,299,257,265,255
Ferroseed,GR,S,NO,292,199,281,147,271,119
Ferrothorn,GR,S,NO,352,287,361,207,331,139
Finneon,W,NO,NO,302,197,211,197,221,231
Flaaffy,E,NO,NO,344,209,209,259,219,189
Flabebe,FA,NO,NO,292,175,177,221,257,183
Flapple,GR,DR,NO,344,319,259,289,219,239
Flareon,FR,NO,NO,334,359,219,289,319,229
Fletchinder,FR,FL,NO,328,245,209,211,203,267
Fletchling,NM,FL,NO,294,199,185,179,175,223
Floatzel,W,NO,NO,374,309,209,269,199,329
Floette,FA,NO,NO,312,189,193,249,295,203
Florges,FA,NO,NO,360,229,235,323,407,249
Flygon,GD,DR,NO,364,299,259,259,259,299
Fomantis,GR,NO,NO,284,209,169,199,169,169
Foongus,GR,PO,NO,342,209,189,209,209,129
Forretress,B,S,NO,354,279,379,219,219,179
Fraxure,DR,NO,NO,336,333,239,179,199,233
Frillish,W,GH,NO,314,179,199,229,269,179
Froakie,W,NO,NO,NO,286,211,179,223,187,241
Frogadier,W,NO,NO,312,225,203,265,211,293
Froslass,I,GH,NO,344,259,239,259,239,319
Frosmoth,I,B,NO,392,229,219,349,279,229
Furfrou,NM,NO,NO,354,259,219,229,279,303
Furret,NM,NO,NO,374,251,227,189,209,279
Gabite,DR,GD,NO,340,279,229,199,209,263
Gallade,PS,FI,NO,340,349,229,229,329,259
Gallade-Mega,PS,FI,NO,340,429,289,229,329,319
Galvantula,B,E,NO,344,253,219,293,219,315
Garbodor,PO,NO,NO,364,289,263,219,263,249
Garchomp,DR,GD,NO,420,359,289,259,269,303
Garchomp-Mega,DR,GD,NO,420,439,329,339,289,283
Gardevoir,PS,FA,NO,340,229,229,349,329,259
Gardevoir-Mega,PS,FA,NO,340,269,229,429,369,299
Gastly,GH,PO,NO,264,169,159,299,169,259
Gastrodon,W,GD,NO,426,265,235,283,263,177
Genesect,B,S,NO,346,339,289,339,289,297
Gengar,GH,PO,NO,324,229,219,359,249,319
Gengar-Mega,GH,PO,NO,324,229,259,439,289,359
Geodude,R,GD,NO,284,259,299,159,159,139
Geodude-Alolan,R,E,NO,284,259,199,159,159,139
Gible,DR,GD,NO,320,239,189,179,189,183
Gigalith,R,NO,NO,374,369,359,219,259,149
Girafarig,NM,PS,NO,344,259,229,279,229,269
Giratina,GH,DR,NO,504,299,339,299,339,279
Giratina-Origin,GH,DR,NO,504,339,299,339,299,279
Glaceon,I,NO,NO,334,219,319,359,289,229
Glalie,I,NO,NO,364,259,259,259,259,259
Glalie-M,I,NO,NO,364,339,259,339,259,299
Glameow,NM,NO,NO,302,209,183,183,173,269
Glastrier,I,NO,NO,404,389,359,229,319,159
Gligar,GD,FL,NO,334,249,309,169,229,269
Gliscor,GD,FL,NO,354,289,349,189,249,289
Gloom,GR,PO,NO,324,229,239,269,249,179
Gogoat,GR,NO,NO,450,299,223,293,261,235
Golbat,PO,FL,NO,354,259,239,229,249,279
Goldeen,W,NO,NO,294,233,219,169,199,225
Golduck,W,NO,NO,364,263,255,289,259,269
Golem,R,GD,NO,364,339,359,209,229,189
Golem-Alolan,R,E,NO,364,339,359,209,229,189
Golett,GD,GH,NO,322,247,199,169,199,169
Golisopod,B,W,NO,359,349,379,219,279,179
Golurk,GD,GH,NO,382,347,259,209,259,209
Goodra,DR,NO,NO,384,299,239,319,399,259
Goomy,DR,NO,NO,294,199,169,209,249,179
Gorebyss,W,NO,NO,314,267,309,327,249,203
Gossifleur,GR,NO,NO,284,179,219,179,219,119
Gothita,PS,NO,NO,294,159,199,209,229,189
Gothitelle,PS,NO,NO,344,209,289,289,319,229
Gothorita,PS,NO,NO,324,189,239,249,269,209
Gourgeist-Huge,GH,GR,NO,374,299,343,215,249,207
Gourgeist-Large,GH,GR,NO,354,289,343,215,249,237
Gourgeist-Medium,GH,GR,NO,334,279,343,215,249,267
Gourgeist-Small,GH,GR,NO,314,269,343,215,249,297
Granbull,FA,NO,NO,384,339,249,219,219,189
Grapploct,FI,NO,NO,364,335,279,239,259,183
Graveler,R,GD,NO,314,289,329,189,189,169
Graveler-Alolan,R,E,NO,314,289,329,189,189,169
Greedent,NM,NO,NO,444,289,289,209,249,139
Greninja,W,DK,NO,348,289,233,305,241,343
Greninja-Ash,W,DK,NO,348,389,233,405,241,363
Grimer,PO,NO,NO,364,259,199,179,199,149
Grimer-Alolan,PO,DK,NO,364,259,199,179,199,149
Grimmsnarl,DK,FA,NO,394,339,229,289,249,219
Grookey,GR,NO,NO,304,229,199,179,179,229
Grotle,GR,NO,NO,354,277,269,209,229,171
Groudon,GD,NO,NO,404,399,379,299,279,279
Groudon-Primal,GD,FR,NO,404,459,419,399,279,279
Grovyle,GR,NO,NO,304,229,189,269,229,289
Growlithe,FR,NO,NO,314,239,189,239,199,219
Grubbin,B,NO,NO,298,223,189,209,189,191
Grumpig,PS,NO,NO,364,189,229,279,319,259
Gulpin,PO,NO,NO,344,185,205,185,205,179
Gumshoos,NM,NO,NO,380,319,219,209,219,189
Gurdurr,FI,NO,NO,374,309,269,179,199,179
Guzzlord,DK,DR,NO,650,301,205,293,205,185
Gyarados,W,FL,NO,394,349,257,219,299,261
Gyarados-Mega,W,DK,NO,394,409,317,239,359,261
Hakamo-o,DR,FI,NO,314,249,279,229,239,229
Happiny,NM,NO,NO,404,109,109,129,229,159
Hariyama,FI,NO,NO,492,339,219,179,219,199
Hatenna,PS,NO,NO,288,159,189,211,205,177
Hatterene,PS,FA,NO,318,279,289,371,305,157
Hattrem,PS,NO,NO,318,179,229,271,245,197
Haunter,GH,PO,NO,294,199,189,329,209,289
Hawlucha,FI,FL,NO,360,283,249,247,225,335
Haxorus,DR,NO,NO,356,393,279,219,239,293
Heatmor,FR,NO,NO,374,293,231,309,231,229
Heatran,FR,S,NO,386,279,311,359,311,253
Heliolisk,E,NM,NO,328,209,203,317,287,317
Helioptile,E,NM,NO,292,175,165,221,185,239
Heracross,B,FI,NO,364,349,249,179,289,269
Heracross-Mega,B,FI,NO,364,469,329,179,309,249
Herdier,NM,NO,NO,334,259,229,169,229,219
Hippopotas,GD,NO,NO,340,243,255,175,183,163
Hippowdon,GD,NO,NO,420,323,335,235,243,193
Hitmonchan,FI,NO,NO,304,309,257,169,319,251
Hitmonlee,FI,NO,NO,304,339,205,169,319,273
Hitmontop,FI,NO,NO,304,289,289,169,319,239
Honchkrow,DK,FL,NO,404,349,203,309,203,241
Honedge,S,GH,NO,294,259,299,169,173,155
Ho-oh,FR,FL,NO,416,359,279,319,407,279
Hoopa,PS,GH,NO,364,319,219,399,359,239
Hoopa-Unbound,PS,DK,NO,364,419,219,439,359,259
Hoothoot,NM,FL,NO,324,159,159,171,211,199
Hoppip,GR,FL,NO,274,169,179,169,209,199
Horsea,W,NO,NO,264,179,239,239,149,219
Houndoom,DK,FR,NO,354,279,199,319,259,289
Houndoom-Mega,DK,FR,NO,354,279,279,379,279,329
Houndour,DK,FR,NO,294,219,159,259,199,229
Huntail,W,NO,NO,314,307,309,287,249,203
Husnain,DK,NO,NO,50,40,20,50,20,70
Hydreigon,DK,DR,NO,388,309,279,349,279,295
Hypno,PS,NO,NO,374,245,239,245,329,233
Igglybuff,NM,FA,NO,384,159,129,179,139,129
Illumise,B,NO,NO,334,193,249,245,269,269
Impidimp,DK,FA,NO,294,189,159,209,179,199
Incineroar,FR,DK,NO,394,329,279,259,279,219
Indeedee-F,PS,NM,NO,344,209,229,289,309,269
Indeedee-M,PS,NM,NO,324,229,209,309,289,289
Infernape,FR,FI,NO,356,307,241,307,241,315
Inkay,DK,PS,NO,310,207,205,173,191,189
Inteleon,W,NO,NO,344,269,229,349,229,339
Ivysaur,GR,PO,NO,324,223,225,259,259,219
Jangmo-o,DR,NO,NO,294,209,229,189,189,189
Jellicent,W,GH,NO,404,219,239,269,309,219
Jigglypuff,NM,FA,NO,434,189,139,189,149,139
Jirachi,S,PS,NO,404,299,299,299,299,299
Jolteon,E,NO,NO,334,229,219,319,289,359
Joltik,B,E,NO,304,193,199,213,199,229
Jumpluff,GR,FL,NO,354,209,239,209,289,319
Jynx,I,PS,NO,334,199,169,329,289,289
Kabuto,R,W,NO,264,259,279,209,189,209
Kabutops,R,W,NO,324,329,309,229,239,259
Kadabra,PS,NO,NO,284,169,159,339,239,309
Kakuna,B,PO,NO,294,149,199,149,149,169
Kangaskhan,NM,NO,NO,414,289,259,179,259,279
Kangaskhan-Mega,NM,NO,NO,414,349,299,219,299,299
Karrablast,B,NO,NO,304,249,189,179,189,219
Kartana,GR,S,NO,322,461,361,217,161,317
Kecleon,NM,NO,NO,324,279,239,219,339,179
Keldeo,W,FI,NO,386,243,279,357,279,315
Kingdra,W,DR,NO,354,289,289,289,289,269
Kingler,W,NO,NO,314,359,329,199,199,249
Kirlia,PS,FA,NO,280,169,169,229,209,199
Klang,S,NO,NO,324,259,289,239,269,199
Klefki,S,FA,NO,318,259,281,259,273,249
Klink,S,NO,NO,284,209,239,189,219,159
Klinklang,S,NO,NO,324,299,329,239,269,279
Koffing,PO,NO,NO,284,229,289,219,189,169
Komala,NM,NO,NO,334,329,229,249,289,229
Kommo-o,DR,FI,NO,354,319,349,299,309,269
Krabby,W,NO,NO,264,309,279,149,149,199
Kricketot,B,NO,NO,278,149,181,149,181,149
Kricketune,B,NO,NO,358,269,201,209,201,229
Krokorok,GD,DK,NO,324,263,189,189,189,247
Krookodile,GD,DK,NO,394,333,259,229,239,283
Kubfu,FI,NO,NO,324,279,219,205,199,243
Kyogre,W,NO,NO,404,299,279,399,379,279
Kyogre-Primal,W,NO,NO,404,399,279,459,419,279
Kyurem,DR,I,NO,454,359,279,359,279,289
Kyurem-Black,DR,I,NO,454,439,299,339,279,289
Kyurem-White,DR,I,NO,454,339,279,439,299,289
Lairon,S,R,NO,324,279,379,199,199,179
Lampent,GH,FR,NO,324,179,219,289,219,209
Landorus,GD,FL,NO,382,349,279,329,259,301
Landorus-Therian,GD,FL,NO,382,399,279,309,259,281
Lanturn,W,E,NO,454,215,215,251,251,233
Lapras,W,I,NO,464,269,259,269,289,219
Larvesta,B,FR,NO,314,269,209,199,209,219
Larvitar,R,GD,NO,304,227,199,189,199,181
Latias,DR,PS,NO,364,259,279,319,359,319
Latias-Mega,DR,PS,NO,364,299,339,379,399,319
Latios,DR,PS,NO,364,279,259,359,319,319
Latios-Mega,DR,PS,NO,364,359,299,419,339,319
Leafeon,GR,NO,NO,334,319,359,219,229,289
Leavanny,B,GR,NO,354,305,259,239,259,283
Ledian,B,FL,NO,314,169,199,209,319,269
Ledyba,B,FL,NO,284,139,159,179,259,209
Lickilicky,NO,NM,NO,424,269,289,259,289,199
Lickitung,NM,NO,NO,384,209,249,219,249,159
Liepard,DK,NO,NO,332,275,199,275,199,311
Lileep,R,GR,NO,336,181,253,221,273,145
Lilligant,GR,NO,NO,344,219,249,319,249,279
Lillipup,NM,NO,NO,294,219,189,149,189,209
Linoone,NM,NO,NO,360,239,221,199,221,299
Linoone-Galarian,DK,NM,NO,360,239,221,199,221,299
Litleo,FR,NM,NO,328,199,215,245,207,243
Litten,FR,NO,NO,299,229,179,219,179,239
Litwick,GH,FR,NO,304,159,209,229,209,139
Lombre,W,GR,NO,324,199,199,219,239,199
Lopunny,NM,NO,NO,334,251,267,207,291,309
Lopunny-Mega,NM,FI,NO,334,371,287,207,291,369
Lotad,W,GR,NO,284,159,159,179,199,159
Loudred,NM,NO,NO,372,241,185,241,185,195
Lucario,S,FI,NO,344,319,239,329,239,279
Lucario-Mega,FI,S,NO,344,389,275,379,239,323
Ludicolo,W,GR,NO,364,239,239,279,299,239
Lugia,PS,FL,NO,416,279,359,279,407,319
Lumineon,W,NO,NO,342,237,251,237,271,281
Lunala,PS,GH,NO,478,325,277,373,313,293
Lunatone,R,PS,NO,384,209,229,289,269,239
Lurantis,GR,NO,NO,344,309,279,259,279,189
Luvdisc,W,NO,NO,290,159,209,179,229,293
Luxio,E,NO,NO,324,269,197,219,197,219
Luxray,E,NO,NO,364,339,257,289,257,239
Lycanroc-Dusk,R,NO,NO,354,333,229,209,229,319
Lycanroc-Moon,R,NO,NO,374,329,249,209,249,263
Lycanroc-Sun,R,NO,NO,354,329,229,209,229,323
Machamp,FI,NO,NO,384,359,259,229,269,209
Machoke,FI,NO,NO,364,299,239,199,219,189
Machop,FI,NO,NO,344,259,199,169,169,169
Magby,FR,NO,NO,294,249,173,239,209,265
Magcargo,FR,R,NO,324,199,339,279,259,159
Magearna,S,FA,NO,364,289,329,359,329,229
Magikarp,W,NO,NO,244,119,209,129,139,259
Magmar,FR,NO,NO,334,289,213,299,269,285
Magmortar,FR,NO,NO,354,289,233,349,289,265
Magnemite,E,S,NO,254,169,239,289,209,189
Magneton,E,S,NO,304,219,289,339,239,239
Magnezone,E,S,NO,344,239,329,359,279,219
Makuhita,FI,NO,NO,348,219,159,139,159,149
Malamar,DK,PS,NO,376,283,275,235,249,245
Mamoswine,I,GD,NO,424,359,259,239,219,259
Manaphy,W,NO,NO,404,299,299,299,299,299
Mandibuzz,DK,FL,NO,424,229,309,209,289,259
Manectric,E,NO,NO,344,249,219,309,219,309
Manectric-Mega,E,NO,NO,344,249,259,369,259,369
Mankey,FI,NO,NO,284,259,169,169,189,239
Mantine,W,FL,NO,374,179,239,259,379,239
Mantyke,W,FL,NO,294,139,199,219,339,199
Maractus,GR,NO,NO,354,271,233,311,233,219
Mareanie,PO,W,NO,304,205,223,185,203,189
Mareep,E,NO,NO,314,179,179,229,189,169
Marill,W,FA,NO,344,139,199,139,199,179
Marowak,GD,NO,NO,324,259,319,199,259,189
Marowak-Alolan,FR,GH,NO,324,259,319,199,259,189
Marshadow,FI,GH,NO,384,349,259,279,279,349
Marshtomp,W,GD,NO,344,269,239,219,239,199
Masquerain,B,FL,NO,344,219,223,299,263,259
Mawile,S,FA,NO,304,269,269,209,209,199
Mawile-Mega,S,FA,NO,304,309,349,209,289,199
Medicham,FI,PS,NO,324,219,249,219,249,259
Medicham-Mega,FI,PS,NO,324,299,269,259,269,299
Meditite,FI,PS,NO,264,179,209,179,209,219
Meganium,GR,NO,NO,364,263,299,265,299,259
Melmetal,S,NO,NO,474,385,385,259,229,167
Meloetta,NM,PS,NO,404,253,253,355,355,279
Meloetta-Pirouette,NM,FI,NO,404,355,279,253,253,355
Meltan,S,NO,NO,296,229,229,209,169,167
Meowstic,PS,NO,NO,352,195,251,265,261,307
Meowth,NM,NO,NO,284,189,169,179,179,279
Meowth-Alolan,DK,NO,NO,284,169,169,199,179,279
Meowth-Galarian,S,NO,NO,304,229,209,179,179,179
Mesprit,PS,NO,NO,364,309,309,309,309,259
Metagross,S,PS,NO,364,369,359,289,279,239
Metagross-Mega,S,PS,NO,364,389,399,309,319,319
Metang,S,PS,NO,324,249,299,209,259,199
Metapod,B,NO,NO,304,139,209,149,149,159
Mew,PS,NO,NO,404,299,299,299,299,299
Mewtwo,PS,NO,NO,416,319,279,407,279,359
Mewtwo-X,PS,FI,NO,416,479,299,407,299,359
Mewtwo-Y,PS,NO,NO,416,399,239,487,339,379
Mienfoo,FI,NO,NO,294,269,199,209,199,229
Mienshao,FI,NO,NO,334,349,219,289,219,309
Mightyena,DK,NO,NO,344,279,239,219,219,239
Milcery,FA,NO,NO,294,179,179,199,221,167
Milotic,W,NO,NO,394,219,257,299,349,261
Miltank,NM,NO,NO,394,259,309,179,239,299
Mime Jr.,PS,FA,NO,244,149,189,239,279,219
Mimikyu,GH,FA,NO,314,279,259,199,309,291
Minccino,NM,NO,NO,314,199,179,179,179,249
Minior,R,FL,NO,324,219,299,219,299,219
Minior-Core,R,FL,NO,324,299,219,299,219,339
Minun,E,NO,NO,324,179,199,249,269,289
Misdreavus,GH,NO,NO,324,219,219,269,269,269
Mismagius,GH,NO,NO,324,219,219,309,309,309
Moltres,FR,FL,NO,384,299,279,349,269,279
Moltres-Galarian,DK,FL,NO,384,269,279,299,349,279
Monferno,FR,FI,NO,332,255,203,255,203,261
Morelull,GR,FA,NO,284,169,209,229,249,129
Morgrem,DK,FA,NO,334,219,189,249,209,239
Morpeko,E,DK,NO,320,289,215,239,215,293
Morpeko-Hangry,E,DK,NO,320,289,215,239,215,293
Mothim,B,FL,NO,344,287,199,287,199,231
Mr. Mime,PS,FA,NO,284,189,229,299,339,279
Mr. Mime-Galarian,I,PS,NO,304,229,229,279,279,299
Mr. Rime,I,PS,NO,364,269,249,319,299,239
Mudbray,GD,NO,NO,344,299,239,189,209,189
Mudkip,W,NO,NO,304,239,199,199,199,179
Mudsdale,GD,NO,NO,404,349,299,209,269,169
Muk,PO,NO,NO,414,309,249,229,299,199
Muk-Alolan,PO,DK,NO,414,309,249,229,299,199
Munchlax,NM,NO,NO,474,269,179,179,269,109
Munna,PS,NO,NO,356,149,189,233,209,147
Murkrow,DK,FL,NO,324,269,183,269,183,281
Musharna,PS,NO,NO,436,209,269,313,289,157
Naganadel,PO,DR,NO,350,245,245,353,245,341
Natu,PS,FL,284,NO,199,189,239,189,239
Necrozma,PS,NO,NO,398,313,301,353,277,257
Necrozma-Dawn,PS,GH,NO,398,325,317,413,353,253
Necrozma-Dusk,PS,S,NO,398,413,353,325,317,253
Necrozma-Ultra,PS,DR,NO,398,433,293,433,293,357
Nickit,DK,NO,NO,284,155,155,193,203,199
Nidoking,PO,GD,NO,366,303,253,269,249,269
Nidoqueen,PO,GD,NO,384,283,273,249,269,251
Nidoran(F),PO,NO,NO,314,193,203,179,179,181
Nidoran(M),PO,NO,NO,296,213,179,179,179,199
Nidorina,PO,NO,NO,344,223,233,209,209,211
Nidorino,PO,NO,NO,326,243,213,209,209,229
Nihilego,R,PO,NO,422,205,193,353,361,305
Nincada,B,GD,NO,266,189,279,159,159,179
Ninetales,FR,NO,NO,350,251,249,261,299,299
Ninetales-Alolan,I,FA,NO,350,233,249,261,299,317
Ninjask,B,FL,NO,326,279,189,199,199,419
Noctowl,NM,FL,NO,404,199,199,271,291,239
Noibat,FL,DR,NO,284,159,169,189,179,209
Noivern,FL,DR,NO,374,239,259,293,259,345
Nosepass,R,NO,NO,264,189,369,189,279,159
Numel,FR,GD,NO,324,219,179,229,189,169
Nuzleaf,GR,DK,NO,344,239,179,219,179,219
Obstagoon,DK,NM,NO,390,279,301,219,261,289
Octillery,W,NO,NO,354,309,249,309,249,189
Oddish,GR,PO,294,NO,199,209,249,229,159
Omanyte,R,W,NO,274,179,299,279,209,169
Omastar,R,W,NO,344,219,349,329,239,209
Onix,R,GD,NO,274,189,419,159,189,239
Oranguru,NM,PS,NO,384,219,259,279,319,219
Orbeetle,B,PS,NO,324,189,319,259,339,279
Oricorio-Baile,FR,FL,NO,354,239,239,295,239,285
Oricorio-Cheer,E,FL,NO,354,239,239,295,239,285
Oricorio-P'au,PS,FL,NO,354,239,239,295,239,285
Oricorio-Sensu,GH,FL,NO,354,239,239,295,239,285
Oshawott,W,NO,NO,314,209,189,225,189,189
Pachirisu,E,NO,NO,324,189,239,189,279,289
Palkia,W,DR,NO,384,339,299,399,339,299
Palossand,GH,GD,NO,374,249,319,299,249,169
Palpitoad,W,GD,NO,354,229,209,229,209,237
Pancham,FI,NO,NO,338,263,223,191,195,185
Pangoro,FI,DK,NO,394,347,255,237,241,215
Panpour,W,NO,NO,304,205,195,205,195,227
Pansage,GR,NO,NO,304,205,195,205,195,227
Pansear,FR,NO,NO,304,205,195,205,195,227
Paras,B,GR,NO,274,239,209,189,209,149
Parasect,B,GR,NO,324,289,259,219,259,159
Passimian,FI,NO,NO,404,339,279,179,219,259
Patrat,NM,NO,NO,294,209,177,169,177,183
Pawniard,DK,S,NO,294,269,239,179,179,219
Pelipper,W,FL,NO,324,199,299,289,239,229
Perrserker,S,NO,NO,344,319,299,199,219,199
Persian,NM,NO,NO,334,239,219,229,229,329
Persian-Alolan,DK,NO,NO,334,219,219,249,229,329
Petilil,GR,NO,NO,294,169,199,239,199,159
Phanpy,GD,NO,NO,384,219,219,179,179,179
Phantump,GH,GR,NO,290,239,195,199,219,175
Pheromosa,B,FI,NO,346,373,173,373,173,401
Phione,W,NO,NO,364,259,259,259,259,259
Pichu,E,NO,NO,244,179,129,169,169,219
Pidgeot,NM,FL,NO,370,259,249,239,239,301
Pidgeot-Mega,NM,FL,NO,370,259,259,369,259,341
Pidgeotto,NM,FL,NO,330,219,209,199,199,241
Pidgey,NM,FL,NO,284,189,179,169,169,211
Pidove,NM,FL,NO,304,209,199,171,159,185
Pignite,FR,FI,NO,384,285,209,239,209,209
Pikachu,E,NO,NO,274,209,179,199,199,279
Pikipek,NM,NO,FL,274,249,159,159,159,229
Piloswine,I,GD,NO,404,299,259,219,219,199
Pincurchin,E,NO,NO,300,301,289,281,269,129
Pineco,B,NO,NO,304,229,279,169,169,129
Pinsir,B,NO,NO,334,349,299,209,239,269
Pinsir-Mega,B,FL,NO,334,409,339,229,279,309
Piplup,W,NO,NO,310,201,205,221,211,179
Plusle,E,NO,NO,324,199,179,269,249,289
Poipole,PO,NO,NO,338,245,233,245,233,245
Politoed,W,NO,NO,384,249,249,279,299,239
Poliwag,W,NO,NO,284,199,179,179,179,279
Poliwhirl,W,NO,NO,334,229,229,199,199,279
Poliwrath,W,FI,NO,384,289,289,239,279,239
Polteageist,GH,NO,NO,324,229,229,367,327,239
Ponyta,FR,NO,NO,304,269,209,229,229,279
Ponyta-Galarian,PS,NO,NO,304,269,209,229,229,279
Poochyena,DK,NO,NO,274,209,169,159,159,169
Popplio,W,NO,NO,304,207,207,231,211,179
Porygon,NM,NO,NO,334,219,239,269,249,179
Porygon2,NM,NO,NO,374,259,279,309,289,219
Porygon-Z,NM,NO,NO,374,259,239,369,249,279
Primarina,W,FA,NO,364,247,247,351,331,219
Primeape,FI,NO,NO,334,309,219,219,239,289
Prinplup,W,NO,NO,332,231,235,261,251,199
Probopass,R,S,NO,324,209,389,249,399,179
Psyduck,W,NO,NO,304,203,195,229,199,209
Pumpkaboo-Huge,GH,GR,NO,322,231,239,187,209,181
Pumpkaboo-Large,GH,GR,NO,312,231,239,187,209,191
Pumpkaboo-Medium,GH,GR,NO,302,231,239,187,209,201
Pumpkaboo-Small,GH,GR,NO,292,231,239,187,209,211
Pupitar,R,GD,NO,344,267,239,229,239,201
Purrloin,DK,NO,NO,286,199,173,199,173,231
Purugly,NM,NO,NO,346,263,227,227,217,323
Pyroar,FR,NM,NO,376,235,243,317,231,311
Pyukumuku,W,NO,NO,314,219,359,159,359,109
Quagsire,W,GD,NO,394,269,269,229,229,169
Quilava,FR,NO,NO,320,227,215,259,229,259
Quilladin,GR,NO,NO,326,255,289,211,215,213
Qwilfish,W,PO,NO,334,289,269,209,209,269
Raboot,FR,NO,NO,334,271,219,209,219,287
Raichu,E,NO,NO,324,279,209,279,259,319
Raichu-Alolan,E,PS,NO,324,269,199,289,269,319
Raikou,E,NO,NO,384,269,249,329,299,329
Ralts,PS,FA,NO,260,149,149,189,169,179
Rampardos,R,NO,NO,398,429,219,229,199,215
Rapidash,FR,NO,NO,334,299,239,259,259,309
Rapidash-Galarian,PS,FA,NO,334,299,239,259,259,309
Raticate,NM,NO,NO,314,261,219,199,239,293
Raticate-Alolan,DK,NM,NO,354,241,239,179,259,253
Rattata,NM,NO,NO,264,211,169,149,169,243
Rattata-Alolan,DK,NM,NO,264,211,169,149,169,243
Rayquaza,DR,FL,NO,414,399,279,399,279,289
Rayquaza-Mega,DR,FL,NO,414,459,299,459,299,329
Regice,I,NO,NO,364,199,299,299,499,199
Regidrago,DR,NO,NO,604,299,199,299,199,259
Regieleki,E,NO,NO,364,299,199,299,199,499
Regigigas,NM,NO,NO,424,419,319,259,319,299
Regirock,R,NO,NO,364,299,499,199,299,199
Registeel,S,NO,NO,364,249,399,249,399,199
Relicanth,W,R,NO,404,279,359,189,229,209
Remoraid,W,NO,NO,274,229,169,229,169,229
Reshiram,DR,FR,NO,404,339,299,399,339,279
Reuniclus,PS,NO,NO,424,229,249,349,269,159
Rhydon,R,GD,NO,414,359,339,189,189,179
Rhyhorn,R,GD,NO,364,269,289,159,159,149
Rhyperior,GD,R,NO,434,379,359,209,209,179
Ribombee,B,FA,NO,324,209,219,289,239,347
Rillaboom,GR,NO,NO,404,349,279,219,239,269
Riolu,FI,NO,NO,284,239,179,169,179,219
Rockruff,R,NO,NO,294,229,179,159,179,219
Roggenrola,R,NO,NO,314,249,269,149,149,129
Rolycoly,R,NO,NO,264,179,199,179,199,159
Rookidee,FL,NO,NO,280,193,169,165,169,213
Roselia,GR,PO,NO,304,219,189,299,259,229
Roserade,GR,PO,NO,NO,324,239,229,349,309,279
Rotom,E,GH,NO,304,199,253,289,253,281
Rotom-Fan,E,FL,NO,304,229,313,309,313,271
Rotom-Frost,E,I,NO,304,229,313,309,313,271
Rotom-Heat,E,FR,NO,304,229,313,309,313,271
Rotom-Mow,E,GR,NO,304,229,313,309,313,271
Rotom-Wash,E,W,NO,304,229,313,309,313,271
Rowlet,GR,FL,NO,340,209,209,199,199,183
Rufflet,NM,FL,NO,344,265,199,173,199,219
Runerigus,GD,GH,NO,320,289,389,199,309,159
Sableye,DK,GH,NO,304,249,249,229,229,199
Sableye-Mega,DK,GH,NO,304,269,349,269,329,139
Salamence,DR,FL,NO,394,369,259,319,259,299
Salamence-Mega,DR,FL,NO,394,389,359,339,279,339
Salandit,PO,FR,NO,300,187,179,241,179,253
Salazzle,PO,FR,NO,340,227,219,321,219,333
Samurott,W,NO,NO,394,299,269,315,239,239
Sandaconda,GD,NO,NO,348,313,349,229,239,241
Sandile,GD,DK,NO,304,243,169,169,169,229
Sandshrew,GD,NO,NO,304,249,269,139,159,179
Sandshrew-Alolan,I,S,NO,304,249,279,119,169,179
Sandslash,GD,NO,NO,354,299,319,189,209,229
Sandslash-Alolan,I,S,NO,354,299,339,149,229,229
Sandygast,GH,GD,NO,314,209,259,239,189,129
Sawk,FI,NO,NO,354,349,249,159,249,269
Sawsbuck,NM,GR,NO,364,299,239,219,239,289
Scatterbug,B,NO,NO,280,169,179,153,149,169
Sceptile,GR,NO,NO,344,269,229,309,269,339
Sceptile-Mega,GR,DR,NO,344,319,249,389,269,389
Scizor,B,S,NO,344,359,299,209,259,229
Scizor-Mega,B,S,NO,344,399,379,229,299,249
Scolipede,B,PO,NO,324,299,277,209,237,323
Scorbunny,FR,NO,NO,304,241,179,179,179,237
Scrafty,DK,FI,NO,334,279,329,189,329,215
Scraggy,DK,FI,NO,304,249,239,169,239,195
Scyther,B,FL,NO,344,319,259,209,259,309
Seadra,W,NO,NO,314,229,289,289,189,269
Seaking,W,NO,NO,364,283,229,229,259,235
Sealeo,I,W,NO,384,219,239,249,239,189
Seedot,GR,NO,NO,284,179,199,159,159,159
Seel,W,NO,NO,334,189,209,189,239,189
Seismitoad,W,GD,NO,414,289,249,269,249,247
Sentret,NM,NO,NO,274,191,167,169,189,139
Serperior,GR,NO,NO,354,249,289,249,289,325
Servine,GR,NO,NO,324,219,249,219,249,265
Seviper,PO,NO,NO,350,299,219,299,219,229
Sewaddle,B,GR,NO,294,205,239,179,219,183
Sharpedo,W,DK,NO,344,339,179,289,179,289
Sharpedo-Mega,W,DK,NO,344,379,239,319,229,309
Shaymin,GR,NO,NO,404,299,299,299,299,299
Shaymin-Sky,GR,FL,NO,404,305,249,339,249,353
Shedinja,B,GH,NO,1,279,189,159,159,179
Shelgon,DR,NO,NO,334,289,299,219,199,199
Shellder,W,NO,NO,264,229,299,189,149,179
Shellos,W,NO,NO,356,195,195,213,223,167
Shelmet,B,NO,NO,304,179,269,179,229,149
Shieldon,R,S,NO,264,183,335,183,275,159
Shiftry,GR,DK,NO,384,299,219,279,219,259
Shiinotic,GR,FA,NO,324,189,259,279,299,159
Shinx,E,NO,NO,294,229,167,179,167,189
Shroomish,GR,NO,NO,324,179,219,179,219,169
Shuckle,B,R,NO,244,119,559,119,559,109
Shuppet,GH,NO,NO,292,249,169,225,165,189
Sigilyph,PS,FL,NO,348,215,259,305,259,293
Silcoon,B,NO,NO,304,169,209,149,149,129
Silicobra,GD,NO,NO,308,213,249,169,199,191
Silvally,NM,NO,NO,394,289,289,289,289,289
Simipour,W,NO,NO,354,295,225,295,225,301
Simisage,GR,NO,NO,354,295,225,295,225,301
Simisear,FR,NO,NO,354,295,225,295,225,301
Sinistea,GH,NO,NO,332,189,189,247,207,199
Sirfetch'd,FI,NO,NO,328,369,289,235,263,229
Sizzlipede,FR,B,NO,304,229,189,199,199,189
Skarmory,S,FL,NO,334,259,379,179,239,239
Skiddo,GR,NO,NO,336,229,195,223,213,203
Skiploom,GR,FL,NO,314,189,199,189,229,259
Skitty,NM,NO,NO,304,189,189,169,169,199
Skorupi,B,PO,NO,284,199,279,159,209,229
Skrelp,PO,W,NO,304,219,219,219,219,159
Skuntank,PO,DK,NO,410,285,233,241,221,267
Skwovet,NM,NO,NO,344,209,209,169,169,149
Slaking,NM,NO,NO,504,419,299,289,229,299
Slakoth,NM,NO,NO,324,219,219,169,169,159
Sliggoo,DR,NO,NO,340,249,205,265,325,219
Slowbro,W,PS,NO,394,249,319,299,259,159
Slowbro-Galarian,PO,PS,NO,394,299,289,299,239,159
Slowbro-Mega,W,PS,NO,394,249,459,359,259,159
Slowking,W,PS,NO,394,249,259,299,319,159
Slowking-Galarian,PO,PS,NO,394,229,259,319,319,159
Slowpoke,W,PS,NO,384,229,229,179,179,129
Slowpoke-Galarian,PS,NO,NO,384,229,229,179,179,129
Slugma,FR,NO,NO,284,179,179,239,179,139
Slurpuff,FA,NO,NO,368,259,271,269,249,243
Smeargle,NM,NO,NO,314,139,169,139,189,249
Smoochum,I,PS,NO,294,159,129,269,229,229
Sneasel,DK,I,NO,314,289,209,169,249,329
Snivy,GR,NO,NO,294,189,209,189,209,225
Snom,I,B,NO,264,149,169,189,159,139
Snorlax,NM,NO,NO,524,319,229,229,319,159
Snorunt,I,NO,NO,304,199,199,199,199,199
Snover,I,GR,NO,324,223,199,223,219,179
Snubbull,FA,NO,NO,324,259,199,179,179,159
Sobble,W,NO,NO,304,179,179,239,179,239
Solgaleo,PS,S,NO,478,373,313,325,277,293
Solosis,PS,NO,NO,294,159,179,309,199,139
Solrock,R,PS,NO,384,289,269,209,229,239
Spearow,NM,FL,NO,284,219,159,161,161,239
Spectrier,GH,NO,NO,404,229,219,389,259,359
Spewpa,B,NO,NO,294,143,219,153,159,157
Spheal,I,W,NO,344,179,199,209,199,149
Spinarak,B,NO,PO,284,219,179,179,179,159
Spinda,NM,NO,NO,324,219,219,219,219,219
Spiritomb,GH,DK,NO,304,283,315,283,315,169
Spoink,PS,NO,NO,324,149,169,239,259,219
Spritzee,FA,NO,NO,360,203,219,225,229,145
Squirtle,W,NO,NO,292,195,229,199,227,185
Stakataka,R,S,NO,326,361,521,205,301,125
Stantler,NM,NO,NO,350,289,223,269,229,269
Staraptor,NM,FL,NO,374,339,239,199,219,299
Staravia,NM,FL,NO,314,249,199,179,179,259
Starly,NM,FL,NO,284,209,159,159,159,219
Starmie,W,PS,NO,324,249,269,299,269,329
Staryu,W,NO,NO,264,189,209,239,209,269
Steelix,S,GD,NO,354,269,499,209,229,159
Steelix-Mega,S,GD,NO,354,349,559,209,289,159
Steenee,GR,NO,NO,308,179,195,179,195,223
Stonjourner,R,NO,NO,404,349,369,139,139,239
Stoutland,NM,NO,NO,374,319,279,189,279,259
Stufful,NM,FI,NO,344,249,199,189,199,199
Stunfisk,GD,E,NO,422,231,267,261,297,163
Stunfisk-Galarian,GD,S,NO,422,261,297,231,267,163
Stunky,PO,DK,NO,330,225,193,181,181,247
Sudowoodo,R,NO,NO,344,299,329,159,229,159
Suicune,W,NO,NO,404,249,329,279,329,269
Sunflora,GR,NO,NO,354,249,209,309,269,159
Sunkern,GR,NO,NO,264,159,159,159,159,159
Surskit,B,W,NO,284,159,163,199,203,229
Swablu,NM,FL,NO,294,179,219,179,249,199
Swadloon,B,GR,NO,314,225,279,199,259,183
Swalot,PO,NO,NO,404,245,265,245,265,209
Swampert,W,GD,NO,404,319,279,269,279,219
Swampert-Mega,W,GD,NO,404,399,319,289,319,239
Swanna,W,FL,NO,354,273,225,273,225,295
Swellow,NM,FL,NO,324,269,219,249,199,349
Swinub,I,GD,NO,304,199,179,159,159,199
Swirlix,FA,NO,NO,328,195,231,217,213,197
Swoobat,PS,FL,NO,338,213,209,253,209,327
Sylveon,FA,NO,NO,394,229,229,319,359,219
Taillow,NM,FL,NO,284,209,159,159,159,269
Talonflame,FR,FL,NO,360,261,241,247,237,351
Tangela,GR,NO,NO,334,209,329,299,179,219
Tangrowth,GR,NO,NO,404,299,349,319,199,199
Tapu Bulu,GR,FA,NO,344,359,329,269,289,249
Tapu Fini,W,FA,NO,344,249,329,289,359,269
Tapu Koko,E,FA,NO,344,329,269,289,249,359
Tapu Lele,PS,FA,NO,344,269,249,359,329,289
Tauros,NM,NO,354,NO,299,289,179,239,319
Teddiursa,NM,NO,NO,324,259,199,199,199,179
Tentacool,W,PO,NO,284,179,169,199,299,239
Tentacruel,W,PO,NO,364,239,229,259,339,299
Tepig,FR,NO,NO,334,225,189,189,189,189
Terrakion,R,FI,NO,386,357,279,243,279,315
Thievul,DK,NO,NO,344,215,215,273,283,279
Throh,FI,NO,NO,444,299,269,159,269,189
Thundurus,E,FL,NO,362,329,239,349,259,321
Thundurus-Therian,E,FL,NO,362,309,239,389,259,301
Thwackey,GR,NO,NO,344,269,239,209,219,259
Timburr,FI,NO,NO,354,259,209,149,169,169
Tirtouga,W,R,NO,312,255,305,205,189,143
Togedemaru,E,S,NO,334,295,225,179,245,291
Togekiss,FA,FL,NO,374,199,289,339,329,259
Togepi,FA,NO,NO,274,139,229,179,229,139
Togetic,FA,FL,NO,314,179,269,259,309,179
Torchic,FR,NO,NO,294,219,179,239,199,189
Torkoal,FR,NO,NO,344,269,379,269,239,139
Tornadus,FL,NO,NO,362,329,239,349,259,321
Tornadus-Therian,FL,NO,NO,362,299,259,319,279,341
Torracat,FR,NO,NO,334,269,199,259,199,279
Torterra,GR,GD,NO,394,317,309,249,269,211
Totodile,W,NO,NO,304,229,227,187,195,185
Toucannon,NM,FL,NO,364,339,249,249,249,219
Toxapex,PO,W,NO,304,225,403,205,383,169
Toxel,E,PO,NO,284,175,169,207,169,179
Toxicroak,PO,FI,NO,370,311,229,271,229,269
Toxtricity,E,PO,NO,354,295,239,327,239,249
Tranquill,NM,FL,NO,328,253,223,199,183,229
Trapinch,GD,NO,NO,294,299,189,189,189,119
Treecko,GR,NO,NO,284,189,169,229,209,239
Trevenant,GH,GR,NO,374,319,251,229,263,211
Tropius,GR,FL,NO,402,235,265,243,273,201
Trubbish,PO,NO,NO,304,199,223,179,223,229
Trumbeak,NM,FL,NO,314,269,199,179,199,249
Tsareena,GR,NO,NO,348,339,295,199,295,243
Turtonator,FR,DR,NO,324,255,369,281,269,171
Turtwig,GR,NO,NO,314,235,227,189,209,161
Tympole,W,NO,NO,304,199,179,199,179,227
Tynamo,E,NO,NO,274,209,179,189,179,219
Type: Null,NM,NO,NO,394,289,289,289,289,217
Typhlosion,FR,NO,NO,360,267,255,317,269,299
Tyranitar,R,DK,NO,404,367,319,289,299,221
Tyranitar-Mega,R,DK,NO,404,427,399,289,339,241
Tyrantrum,R,DR,NO,368,341,337,237,217,241
Tyrogue,FI,NO,NO,274,169,169,169,169,169
Tyrunt,R,DR,NO,320,277,253,189,189,195
Umbreon,DK,NO,NO,394,229,319,219,359,229
Unfezant,NM,FL,NO,364,329,259,229,209,285
Unown,PS,NO,NO,300,243,195,243,195,195
Ursaring,NM,NO,NO,384,359,249,249,249,209
Urshifu-Rapid-Strike,FI,W,NO,404,359,299,225,219,293
Urshifu-Single-Strike,FI,DK,NO,404,359,299,225,219,293
Uxie,PS,NO,NO,354,249,359,249,359,289
Vanillish,I,NO,NO,306,229,229,259,249,217
Vanillite,I,NO,NO,276,199,199,229,219,187
Vanilluxe,I,NO,NO,346,289,269,319,289,257
Vaporeon,W,NO,NO,464,229,219,319,289,229
Venipede,B,PO,NO,264,189,217,159,177,213
Venomoth,B,PO,NO,344,229,219,279,249,279
Venonat,B,PO,NO,324,209,199,179,209,189
Venusaur,GR,PO,NO,364,263,265,299,299,259
Venusaur-Mega,GR,PO,NO,364,299,345,343,339,259
Vespiquen,B,FL,NO,344,259,303,259,303,179
Vibrava,GD,DR,NO,304,239,199,199,199,239
Victini,PS,FR,NO,404,299,299,299,299,299
Victreebel,GR,PO,NO,364,309,229,299,239,239
Vigoroth,NM,NO,NO,364,259,259,209,209,279
Vikavolt,B,E,NO,358,239,279,389,249,185
Vileplume,GR,PO,NO,354,259,269,319,279,199
Virizion,GR,FI,NO,386,279,243,279,357,315
Vivillon,B,FL,NO,364,203,199,279,199,277
Volbeat,B,NO,NO,334,245,249,193,269,269
Volcanion,FR,W,NO,364,319,339,359,279,239
Volcarona,B,FR,NO,374,219,229,369,309,299
Voltorb,E,NO,NO,284,159,199,209,209,299
Vullaby,DK,FL,NO,344,209,249,189,229,219
Vulpix,FR,NO,NO,280,181,179,199,229,229
Vulpix-Alolan,I,NO,NO,280,181,179,199,229,229
Wailmer,W,NO,NO,464,239,169,239,169,219
Wailord,W,NO,NO,544,279,189,279,189,219
Walrein,I,W,NO,424,259,279,289,279,229
Wartortle,W,NO,NO,322,225,259,229,259,215
Watchog,NM,NO,NO,324,269,237,219,237,253
Weavile,I,DK,NO,344,339,229,189,269,349
Weedle,B,PO,NO,284,169,159,139,139,199
Weepinbell,GR,PO,NO,334,279,199,269,189,209
Weezing,PO,NO,NO,334,279,339,269,239,219
Weezing-Galarian,PO,FA,NO,334,279,339,269,239,219
Whimsicott,GR,FA,NO,324,233,269,253,249,331
Whirlipede,B,PO,NO,284,209,297,179,257,193
Whiscash,W,GD,NO,424,255,245,251,241,219
Whismur,NM,NO,NO,332,201,145,201,145,155
Wigglytuff,NM,FA,NO,484,239,189,269,199,189
Wimpod,B,W,NO,244,169,179,139,159,259
Wingull,W,FL,NO,284,159,159,209,159,269
Wishiwashi,W,NO,NO,294,139,139,149,149,179
Wishiwashi-School,W,NO,NO,294,379,359,379,369,159
Wobbuffet,PS,NO,NO,584,165,215,165,215,165
Woobat,PS,FL,NO,334,189,185,209,185,243
Wooloo,NM,NO,NO,288,179,209,179,189,195
Wooper,W,GD,NO,314,189,189,149,149,129
Wormadam Grass,B,GR,NO,324,217,269,257,309,171
Wormadam Ground,B,GD,NO,324,257,309,217,269,171
Wormadam Steel,B,S,NO,324,237,289,237,289,171
Wurmple,B,NO,NO,294,189,169,139,159,139
Wynaut,PS,NO,NO,394,145,195,145,195,145
Xatu,PS,FL,NO,334,249,239,289,239,289
Xerneas,FA,NO,NO,456,361,289,361,295,297
Xurkitree,E,NO,NO,370,277,241,445,241,265
Yamask,GH,NO,NO,280,159,269,209,229,159
Yamask-Galarian,GD,GH,NO,280,209,269,159,229,159
Yamper,E,NO,NO,322,189,199,179,199,151
Yanma,B,FL,NO,334,229,189,249,189,289
Yanmega,B,FL,NO,376,251,271,331,211,289
Yungoos,NM,NO,NO,300,239,159,159,159,189
Yveltal,DK,FL,NO,456,361,289,361,295,297
Zacian,FA,NO,NO,388,359,329,259,329,375
Zacian-Eternal,FA,S,NO,388,439,329,259,329,395
Zamazenta,FI,NO,NO,388,359,329,259,329,375
Zamazenta-Eternal,FI,S,NO,388,359,389,259,389,355
Zangoose,NM,NO,NO,350,329,219,219,219,279
Zapdos,E,FL,NO,384,279,269,349,279,299
Zapdos-Galarian,FI,FL,NO,384,349,279,269,279,299
Zarude,GR,DK,NO,414,339,309,239,289,309
Zebstrika,E,NO,NO,354,299,225,259,225,331
Zekrom,DR,E,NO,404,399,339,339,299,279
Zeraora,E,NO,NO,380,323,249,303,259,385
Zigzagoon,NM,NO,NO,280,159,181,159,181,219
Zigzagoon-Galarian,DK,NM,NO,280,159,181,159,181,219
Zoroark,DK,NO,NO,324,309,219,339,219,309
Zorua,DK,NO,NO,284,229,179,259,179,229
Zubat,PO,FL,NO,284,189,169,159,179,209
Zweilous,DK,DR,NO,348,269,239,229,239,215
Zygarde-10%,DR,GD,NO,312,299,241,221,269,329
Zygarde-50%,DR,GD,NO,420,299,341,261,289,289
Zygarde-Complete,DR,GD,NO,636,299,341,281,289,269